{
    "default": {
        "svm": 0.0,
        "knn": -32.92026173710794,
        "random_forest": 4.867429833447388,
        "decision_tree": -72.45002962955974
    },
    "random": {
        "svm": 67.07112136523698,
        "knn": 56.70314112702619,
        "random_forest": 68.60408051140243,
        "decision_tree": 44.25354836245771
    }
}