{
    "default": {
        "svm": 0.0,
        "knn": -36.54494803573173,
        "random_forest": -28.021799859142227,
        "decision_tree": -118.77884193055604
    },
    "random": {
        "svm": 50.90054425360635,
        "knn": 34.499058249923706,
        "random_forest": 38.32427358171087,
        "decision_tree": -2.407768335943635
    }
}