{
    "default": {
        "svm": 0.0,
        "knn": -37.758921363577095,
        "random_forest": -29.48903045026609,
        "decision_tree": -103.2626489561382
    },
    "random": {
        "svm": 66.61833308696066,
        "knn": 49.264074635569145,
        "random_forest": 53.06497304822489,
        "decision_tree": 19.158113524418404
    }
}