{
    "default": {
        "svm": 3.2746587185932254,
        "knn": -11.716341036261172,
        "random_forest": 24.065134470752362,
        "decision_tree": -35.82811891927787
    },
    "random": {
        "svm": 57.75116048986651,
        "knn": 47.008049139393144,
        "random_forest": 71.49882133885178,
        "decision_tree": 38.263987507046124
    }
}