{
    "default": {
        "svm": 0.0,
        "knn": -22.731723275307147,
        "random_forest": 12.335294211043669,
        "decision_tree": -66.05706702792583
    },
    "random": {
        "svm": 63.83517126729716,
        "knn": 50.18143821274699,
        "random_forest": 74.52172776290696,
        "decision_tree": 21.840974400336588
    }
}