{
    "default": {
        "svm": 0.0,
        "knn": -24.77840763869358,
        "random_forest": -3.0968896790043576,
        "decision_tree": -49.30146588196309
    },
    "random": {
        "svm": 62.80020626420275,
        "knn": 49.37713129988282,
        "random_forest": 64.79810601605372,
        "decision_tree": 34.37048337911133
    }
}