{
    "default": {
        "svm": 0.0,
        "knn": -11.737244952888569,
        "random_forest": 5.387138167367113,
        "decision_tree": -60.84236548128036
    },
    "random": {
        "svm": 54.4562592460732,
        "knn": 43.04704511305312,
        "random_forest": 57.51543242468462,
        "decision_tree": 22.40785168945697
    }
}