{
    "default": {
        "svm": 0.0,
        "knn": -22.158429007614163,
        "random_forest": -0.7792904035443253,
        "decision_tree": -60.821495198889394
    },
    "random": {
        "svm": 56.689505351284566,
        "knn": 48.26798511745501,
        "random_forest": 62.06231642380904,
        "decision_tree": 29.932617119471526
    }
}