{
    "default": {
        "svm": 3.2746587185932254,
        "knn": -9.110164885305418,
        "random_forest": 19.721665533742367,
        "decision_tree": -39.76877688107779
    },
    "random": {
        "svm": 60.074326052778915,
        "knn": 45.455560634303815,
        "random_forest": 61.34852304526751,
        "decision_tree": 30.152082502449122
    }
}