{
    "default": {
        "svm": 0.0,
        "knn": -26.1808075085528,
        "random_forest": 1.2834625019523365,
        "decision_tree": -66.53387129460064
    },
    "random": {
        "svm": 63.79240079181808,
        "knn": 45.570989422494875,
        "random_forest": 71.30674677353146,
        "decision_tree": 34.23390125005903
    }
}