{
    "default": {
        "svm": 0.0,
        "knn": -18.130988623797318,
        "random_forest": 3.2689520303045594,
        "decision_tree": -49.24853690007622
    },
    "random": {
        "svm": 52.49464031183004,
        "knn": 54.79203907591139,
        "random_forest": 51.65289631722912,
        "decision_tree": 29.29953596777471
    }
}