{
    "default": {
        "svm": 0.0,
        "knn": -24.9952228404123,
        "random_forest": 3.444372220534538,
        "decision_tree": -59.17553055068757
    },
    "random": {
        "svm": 63.59743505033217,
        "knn": 45.72557544646307,
        "random_forest": 58.06455931705736,
        "decision_tree": 34.74982305179504
    }
}