{
    "default": {
        "svm": 0.0,
        "knn": -15.46808389002826,
        "random_forest": 6.803392920291771,
        "decision_tree": -55.10132889606739
    },
    "random": {
        "svm": 53.68064001201658,
        "knn": 53.04312605058189,
        "random_forest": 64.12201201126415,
        "decision_tree": 37.24633731627524
    }
}